"Terminal view commands","Terminal view insert","Alt+R","Terminal Typing Connected","org.eclipse.tm.terminal.command1"
"Views","JavaScript Declaration","Alt+Shift+Q, D","JavaScript View","org.eclipse.wst.jsdt.ui.SourceView"
"Window","Show View Menu","Ctrl+F10","In Dialogs and Windows","org.eclipse.ui.window.showViewMenu"
"Source","Organize Imports","Ctrl+Shift+O","JavaScript View","org.eclipse.wst.jsdt.ui.edit.text.java.organize.imports"
"Run/Debug","Toggle Memory Monitors Pane","Ctrl+T","In Memory View","org.eclipse.debug.ui.commands.toggleMemoryMonitorsPane"
"Editing","Select Next Element","Alt+Shift+Right","Editing Xtext Source","org.eclipse.xtext.ui.editor.select.next"
"Source","Add JSDoc Comment","Alt+Shift+J","JavaScript View","org.eclipse.wst.jsdt.ui.edit.text.java.add.javadoc.comment"
"Window","Select Maven Profiles","Ctrl+Alt+P","In Windows","org.eclipse.m2e.profiles.ui.commands.selectMavenProfileCommand"
"Navigate","Show In Breadcrumb","Alt+Shift+B","Editing Java Source","org.eclipse.jdt.ui.edit.text.java.gotoBreadcrumb"
"Navigate","Quick Outline","Ctrl+O","Editing in Structured Text Editors","org.eclipse.wst.sse.ui.quick_outline"
"Run/Debug","New Rendering","Ctrl+N","In Memory View","org.eclipse.debug.ui.commands.newRendering"
"Terminal view commands","Terminal view insert","Alt+S","Terminal Typing Connected","org.eclipse.tm.terminal.command1"
"Source","Quick Assist - Extract method","Ctrl+2, M","Editing Java Source","org.eclipse.jdt.ui.correction.extractMethodInplace.assist"
"Edit","Find Next","Ctrl+K","Editing Text","org.eclipse.ui.edit.findNext"
"Edit","Select All","Ctrl+A","In Dialogs and Windows","org.eclipse.ui.edit.selectAll"
"Text Editing","Scroll Line Up","Ctrl+Up","Embedded Xtext Editor context","org.eclipse.ui.edit.text.scroll.lineUp"
"Edit","Find Next","Ctrl+K","Embedded Xtext Editor context","org.eclipse.ui.edit.findNext"
"Run/Debug","Execute","Ctrl+U","In Windows","org.eclipse.jdt.debug.ui.commands.Execute"
"Terminal view commands","Terminal view insert","Alt+A","Terminal Typing Connected","org.eclipse.tm.terminal.command1"
"Task Repositories","Mark Task Read and Go To Previous Unread Task","Alt+Shift+Up","In Tasks View","org.eclipse.mylyn.tasks.ui.command.markTaskReadGoToPreviousUnread"
"Editing","Toggle Comment","Ctrl+/","Editing Xtext Source","org.eclipse.xtext.ui.ToggleCommentAction"
"Edit","Previous Sibling","Ctrl+Shift+Up","Editing in Structured Text Editors","org.eclipse.wst.xml.ui.previousSibling"
"Terminal view commands","Terminal view insert","Alt+B","Terminal Typing Connected","org.eclipse.tm.terminal.command1"
"Edit","Delete","Delete","In Windows","org.eclipse.ui.edit.delete"
"Text Editing","Open Hyperlink","F3","in Generic Code Editor","org.eclipse.ui.edit.text.open.hyperlink"
"Edit","Matching Tag","Ctrl+Shift+>","Editing in Structured Text Editors","org.eclipse.wst.xml.ui.gotoMatchingTag"
"Navigate","Open Plug-in Artifact","Ctrl+Shift+A","In Windows","org.eclipse.pde.ui.openPluginArtifact"
"Emmet","Split/Join Tag","Ctrl+U","Editing Text","io.emmet.eclipse.commands.split_join_tag"
"Navigate","Next Tab","Ctrl+PageDown","In Dialogs and Windows","org.eclipse.ui.navigate.nextTab"
"Source","Remove Block Comment","Ctrl+Shift+\","Editing Java Source","org.eclipse.jdt.ui.edit.text.java.remove.block.comment"
"Views","Documentation","Alt+Shift+Q, J","JavaScript View","org.eclipse.wst.jsdt.ui.JavadocView"
"Text Editing","Line Start","Home","Embedded Xtext Editor context","org.eclipse.ui.edit.text.goto.lineStart"
"Terminal view commands","Copy","Ctrl+Insert","Terminal Control in Focus","org.eclipse.tm.terminal.copy"
"Uncategorized","Insert right guillemet",">","Editing Xtend Source","org.eclipse.xtend.ide.insertRightGuillemet"
"Run/Debug","Next Memory Monitor","Ctrl+Alt+N","In Memory View","org.eclipse.debug.ui.commands.nextMemoryBlock"
"Task Editor","Maximize Part","Ctrl+Shift+M","In Tasks Editor","org.eclipse.mylyn.tasks.ui.command.maximizePart"
"Uncategorized","Copy Commit Id","Ctrl+C","In Git Reflog View","org.eclipse.egit.ui.internal.reflog.CopyCommand"
"Text Editing","Scroll Line Down","Ctrl+Down","Editing Text","org.eclipse.ui.edit.text.scroll.lineDown"
"Text Editing","Select Next Word","Ctrl+Shift+Right","Embedded Xtext Editor context","org.eclipse.ui.edit.text.select.wordNext"
"Text Editing","Expand All","Ctrl+Numpad_Multiply","Editing Text","org.eclipse.ui.edit.text.folding.expand_all"
"Navigate","Previous","Ctrl+,","In Windows","org.eclipse.ui.navigate.previous"
"Text Editing","Expand","Ctrl+Numpad_Add","Editing Text","org.eclipse.ui.edit.text.folding.expand"
"Navigate","Open Type in Hierarchy","F4","Editing Xtext Source","org.eclipse.xtext.xbase.ui.hierarchy.OpenTypeHierarchy"
"Source","Quick Assist - Rename in file","Ctrl+2, R","Editing Java Source","org.eclipse.jdt.ui.correction.renameInFile.assist"
"Navigate","Open Type in Hierarchy","Ctrl+Shift+H","In Windows","org.eclipse.jdt.ui.navigate.open.type.in.hierarchy"
"Edit","Restore Last Selection","Alt+Shift+Down","Editing JavaScript Source","org.eclipse.wst.jsdt.ui.edit.text.java.select.last"
"Task Repositories","Mark Task Read and Go To Next Unread Task","Alt+Shift+Down","In Tasks View","org.eclipse.mylyn.tasks.ui.command.markTaskReadGoToNextUnread"
"Navigate","Open Attached Javadoc","Shift+F2","In Windows","org.eclipse.jdt.ui.edit.text.java.open.external.javadoc"
"Source","Toggle Ant Mark Occurrences","Alt+Shift+O","Editing Ant Buildfiles","org.eclipse.ant.ui.toggleMarkOccurrences"
"Source","Add Block Comment","Ctrl+Shift+/","Editing JavaScript Source","org.eclipse.wst.jsdt.ui.edit.text.java.add.block.comment"
"Navigate","Open Declaration","F3","JavaScript View","org.eclipse.wst.jsdt.ui.edit.text.java.open.editor"
"Edit","Next Sibling","Ctrl+Shift+Down","Editing in Structured Text Editors","org.eclipse.wst.xml.ui.nextSibling"
"Task Repositories","Open Selected Task","Ctrl+Enter","In Tasks View","org.eclipse.mylyn.tasks.ui.command.openSelectedTask"
"Run/Debug","Run JUnit Test","Alt+Shift+X, T","Editing Xtend Source","org.eclipse.xtend.ide.launching.junitShortcut.run"
"Edit","Select Previous Element","Alt+Shift+Left","Editing in Structured Text Editors","org.eclipse.wst.sse.ui.structure.select.previous"
"Navigate","Open Call Hierarchy","Ctrl+Alt+H","JavaScript View","org.eclipse.wst.jsdt.ui.edit.text.java.open.call.hierarchy"
"Window","Show System Menu","Alt+-","In Windows","org.eclipse.ui.window.showSystemMenu"
"Window","Toggle Full Screen","Alt+F11","In Dialogs and Windows","org.eclipse.ui.window.fullscreenmode"
"Text Editing","Select Line Start","Shift+Home","Embedded Xtext Editor context","org.eclipse.ui.edit.text.select.lineStart"
"Navigate","Go to Matching Bracket","Ctrl+Shift+P","Editing Java Source","org.eclipse.jdt.ui.edit.text.java.goto.matching.bracket"
"Terminal view commands","Terminal view insert","Alt+N","Terminal Typing Connected","org.eclipse.tm.terminal.command1"
"Text Editing","Delete Line","Ctrl+D","Editing Xtext Source","org.eclipse.ui.edit.text.delete.line"
"Text Editing","Copy Lines","Ctrl+Alt+Down","Editing Text","org.eclipse.ui.edit.text.copyLineDown"
"Source","Quick Assist - Assign to local variable","Ctrl+2, L","Editing Java Source","org.eclipse.jdt.ui.correction.assignToLocal.assist"
"Uncategorized","Find References","Ctrl+Shift+G","in Generic Code Editor","org.eclipse.ui.genericeditor.findReferences"
"Task Repositories","Mark Task Read","Alt+Shift+R","In Tasks Editor","org.eclipse.mylyn.tasks.ui.command.markTaskRead"
"Run/Debug","Coverage JUnit Test","Alt+Shift+E, T","In Windows","org.eclipse.eclemma.ui.junitShortcut.coverage"
"Text Editing","Delete to End of Line","Ctrl+Shift+Delete","Editing Text","org.eclipse.ui.edit.text.delete.line.to.end"
"Source","Format","Ctrl+Shift+F","Editing JavaScript Source","org.eclipse.wst.jsdt.ui.edit.text.java.format"
"Navigate","Go to Previous Member","Ctrl+Shift+Up","Editing Java Source","org.eclipse.jdt.ui.edit.text.java.goto.previous.member"
"Run/Debug","Coverage JUnit Plug-in Test","Alt+Shift+E, P","In Windows","org.eclipse.eclemma.ui.junitPluginShortcut.coverage"
"View","Zoom Out","Ctrl+-","In Windows","org.eclipse.gef.zoom_out"
"Run/Debug","Display","Ctrl+Shift+D","In Dialogs and Windows","org.eclipse.jdt.debug.ui.commands.Display"
"Navigate","Go To Previous Unread Task","Alt+Up","In Tasks View","org.eclipse.mylyn.tasks.ui.command.goToPreviousUnread"
"Source","Open Declaration","F3","Editing Ant Buildfiles","org.eclipse.ant.ui.open.declaration.command"
"Search","Declaration in Workspace","Ctrl+G","JavaScript View","org.eclipse.wst.jsdt.ui.edit.text.java.search.declarations.in.workspace"
"Run/Debug","Run Java Application","Alt+Shift+X, J","In Windows","org.eclipse.jdt.debug.ui.localJavaShortcut.run"
"Terminal view commands","Terminal view insert","Alt+C","Terminal Typing Connected","org.eclipse.tm.terminal.command1"
"Task Repositories","Mark Task Read","Alt+Shift+R","In Tasks View","org.eclipse.mylyn.tasks.ui.command.markTaskRead"
"Search","Find Text in Workspace","Ctrl+Alt+G","In Windows","org.eclipse.search.ui.performTextSearchWorkspace"
"Window","Maximize Active View or Editor","Ctrl+M","In Windows","org.eclipse.ui.window.maximizePart"
"Enhanced Class Decompiler","Decompile","Ctrl+Alt+,","In Windows","org.sf.feeling.decompiler.decompile"
"Source","Toggle Comment","Ctrl+Shift+C","Editing JavaScript Source","org.eclipse.wst.jsdt.ui.edit.text.java.toggle.comment"
"Run/Debug","Debug JUnit Plug-in Test","Alt+Shift+D, P","In Windows","org.eclipse.pde.ui.junitWorkbenchShortcut.debug"
"Refactor - JavaScript","Change Function Signature","Alt+Shift+C","JavaScript View","org.eclipse.wst.jsdt.ui.edit.text.java.modify.method.parameters"
"Edit","Occurrences in File","Ctrl+Shift+A","Editing in Structured Text Editors","org.eclipse.wst.sse.ui.search.find.occurrences"
"Source","Add Text Block","Ctrl+Shift+'","Editing Java Source","org.eclipse.jdt.ui.edit.text.java.add.textblock"
"Uncategorized","Import Static Extension","Ctrl+Alt+Shift+M","Editing Xtend Source","org.eclipse.xtend.ide.refactoring.importer.ImportStaticExtensionMethod"
"Navigate","Open Structure","Ctrl+F3","Editing JavaScript Source","org.eclipse.wst.jsdt.ui.navigate.java.open.structure"
"Views","Show View (Synchronize)","Alt+Shift+Q, Y","In Windows","org.eclipse.ui.views.showView"
"Edit","Quick Fix","Ctrl+1","In Dialogs and Windows","org.eclipse.jdt.ui.edit.text.java.correction.assist.proposals"
"Text Editing","Reset Structure","Ctrl+Shift+Numpad_Multiply","Editing Text","org.eclipse.ui.edit.text.folding.restore"
"Emmet","Encode/Decode Data:URL","Alt+Shift+I","Editing Text","io.emmet.eclipse.commands.encode_decode_data_url"
"Text Editing","Duplicate Lines","Ctrl+Alt+Up","Embedded Xtext Editor context","org.eclipse.ui.edit.text.copyLineUp"
"Source","Surround With Quick Menu","Alt+Shift+Z","In Windows","org.eclipse.jdt.ui.edit.text.java.surround.with.quickMenu"
"Navigate","Backward History","Alt+Left","In Windows","org.eclipse.ui.navigate.backwardHistory"
"Navigate","Go to Matching Bracket","Ctrl+Shift+P","Editing JavaScript Source","org.eclipse.wst.jsdt.ui.edit.text.java.goto.matching.bracket"
"Search","Open Search Dialog","Ctrl+H","In Windows","org.eclipse.search.ui.openSearchDialog"
"Run/Debug","Run","Ctrl+F11","In Windows","org.eclipse.debug.ui.commands.RunLast"
"Edit","Content Assist","Ctrl+Space","In Dialogs and Windows","org.eclipse.ui.edit.text.contentAssist.proposals"
"Views","Show View (Problems)","Alt+Shift+Q, X","In Windows","org.eclipse.ui.views.showView"
"Navigate","Open Resource","Ctrl+Shift+R","In Windows","org.eclipse.ui.navigate.openResource"
"Search","Declaration in Workspace","Ctrl+G","In Windows","org.eclipse.jdt.ui.edit.text.java.search.declarations.in.workspace"
"Refactor - Java","Extract Local Variable","Alt+Shift+L","In Windows","org.eclipse.jdt.ui.edit.text.java.extract.local.variable"
"File","Close","Ctrl+W","In Windows","org.eclipse.ui.file.close"
"Source","Toggle Comment","Ctrl+/","Editing JavaScript Source","org.eclipse.wst.jsdt.ui.edit.text.java.toggle.comment"
"Edit","Add Maven Dependency","Ctrl+Shift+D","Editing XML Source","org.eclipse.m2e.core.ui.command.addDependency"
"Text Editing","Delete Line","Ctrl+D","Embedded Xtext Editor context","org.eclipse.ui.edit.text.delete.line"
"Navigate","Previous Tab","Ctrl+PageUp","In Dialogs and Windows","org.eclipse.ui.navigate.previousTab"
"Terminal view commands","Terminal view insert","Alt+P","Terminal Typing Connected","org.eclipse.tm.terminal.command1"
"Navigate","Open Maven POM","Alt+Shift+P","In Windows","org.eclipse.m2e.core.ui.command.openPom"
"Terminal view commands","Paste","Ctrl+Shift+V","Terminal Control in Focus","org.eclipse.tm.terminal.paste"
"Navigate","Open Type Hierarchy","F4","In Windows","org.eclipse.jdt.ui.edit.text.java.open.type.hierarchy"
"Text Editing","Duplicate Lines","Ctrl+Alt+Up","Editing Text","org.eclipse.ui.edit.text.copyLineUp"
"Run/Debug","Terminate","Ctrl+F2","Debugging","org.eclipse.debug.ui.commands.Terminate"
"Edit","Find and Replace","Ctrl+F","In Windows","org.eclipse.ui.edit.findReplace"
"Run/Debug","Coverage TestNG Suite","Alt+Shift+E, G","In Windows","org.eclipse.eclemma.ui.testNgSuiteShortcut.coverage"
"Edit","Select Enclosing Element","Alt+Shift+Up","Editing Java Source","org.eclipse.jdt.ui.edit.text.java.select.enclosing"
"Source","Remove Occurrence Annotations","Alt+Shift+U","Editing JavaScript Source","org.eclipse.wst.jsdt.ui.edit.text.remove.occurrence.annotations"
"Navigate","Expand All","Ctrl+Shift+Numpad_Multiply","In Windows","org.eclipse.ui.navigate.expandAll"
"Task Repositories","Show Tooltip Description","F4","In Tasks View","org.eclipse.mylyn.tasks.ui.command.showToolTip"
"StartExplorer","Copy Resource Path to Clipboard","Ctrl+Alt+C","In Windows","de.bastiankrol.startexplorer.copyResourcePathToClipboardFromResourceView"
"Text Editing","Insert Line Above Current Line","Ctrl+Shift+Enter","Embedded Xtext Editor context","org.eclipse.ui.edit.text.smartEnterInverse"
"Run/Debug","Coverage","Ctrl+Shift+F11","In Windows","org.eclipse.eclemma.ui.commands.CoverageLast"
"Text Editing","Select Line End","Shift+End","Editing Text","org.eclipse.ui.edit.text.select.lineEnd"
"Run/Debug","Coverage Scala Application","Alt+Shift+E, L","In Windows","org.eclipse.eclemma.ui.scalaShortcut.coverage"
"Text Editing","Scroll Line Down","Ctrl+Down","Embedded Xtext Editor context","org.eclipse.ui.edit.text.scroll.lineDown"
"Terminal Commands","Open Local Terminal on Selection","Ctrl+Alt+Shift+T","In Windows","org.eclipse.tm.terminal.view.ui.command.launchToolbar"
"Run/Debug","Previous Page of Memory","Ctrl+Shift+,","In Table Memory Rendering","org.eclipse.debug.ui.command.prevpage"
"Refactor - JavaScript","Move - Refactoring ","Alt+Shift+V","JavaScript View","org.eclipse.wst.jsdt.ui.edit.text.java.move.element"
"Navigate","Go to Next Member","Ctrl+Shift+Down","Editing Java Source","org.eclipse.jdt.ui.edit.text.java.goto.next.member"
"Refactor - Java","Show Refactor Quick Menu","Alt+Shift+T","In Windows","org.eclipse.jdt.ui.edit.text.java.refactor.quickMenu"
"Text Editing","Toggle Overwrite","Insert","Embedded Xtext Editor context","org.eclipse.ui.edit.text.toggleOverwrite"
"Navigate","Collapse All","Ctrl+Shift+Numpad_Divide","In Windows","org.eclipse.ui.navigate.collapseAll"
"File","New menu","Alt+Shift+N","In Windows","org.eclipse.ui.file.newQuickMenu"
"Source","Toggle Comment","Ctrl+7","Editing JavaScript Source","org.eclipse.wst.jsdt.ui.edit.text.java.toggle.comment"
"Run/Debug","Step Return","F7","Debugging","org.eclipse.debug.ui.commands.StepReturn"
"Run/Debug","Step Into Selection","Ctrl+F5","Debugging","org.eclipse.jdt.debug.ui.commands.StepIntoSelection"
"Refactor - Java","Extract Method","Alt+Shift+M","In Windows","org.eclipse.jdt.ui.edit.text.java.extract.method"
"Views","JavaScript Script Explorer","Alt+Shift+Q, P","JavaScript View","org.eclipse.wst.jsdt.ui.PackageExplorer"
"Window","Previous Editor","Ctrl+Shift+F6","In Windows","org.eclipse.ui.window.previousEditor"
"Text Editing","Join Lines","Ctrl+Alt+J","Embedded Xtext Editor context","org.eclipse.ui.edit.text.join.lines"
"Text Editing","Delete Line","Ctrl+D","Editing Xtend Source","org.eclipse.ui.edit.text.delete.line"
"Edit","Incremental Find","Ctrl+J","Editing Text","org.eclipse.ui.edit.findIncremental"
"Task Repositories","Mark Task Unread","Alt+Shift+U","In Tasks View","org.eclipse.mylyn.tasks.ui.command.markTaskUnread"
"Source","Add Import","Ctrl+Shift+M","Editing JavaScript Source","org.eclipse.wst.jsdt.ui.edit.text.java.add.import"
"Text Editing","Insert Line Below Current Line","Shift+Enter","Embedded Xtext Editor context","org.eclipse.ui.edit.text.smartEnter"
"Edit","Toggle Block Selection","Alt+Shift+A","Embedded Xtext Editor context","org.eclipse.ui.edit.text.toggleBlockSelectionMode"
"Refactor - Java","Rename - Refactoring ","Alt+Shift+R","In Windows","org.eclipse.jdt.ui.edit.text.java.rename.element"
"Run/Debug","Run JUnit Test","Alt+Shift+X, T","In Windows","org.eclipse.jdt.junit.junitShortcut.run"
"Refactor - Java","Move - Refactoring ","Alt+Shift+V","In Windows","org.eclipse.jdt.ui.edit.text.java.move.element"
"Source","Show Source Quick Menu","Alt+Shift+S","JavaScript View","org.eclipse.wst.jsdt.ui.edit.text.java.source.quickMenu"
"Navigate","Open External JSDoc","Shift+F2","JavaScript View","org.eclipse.wst.jsdt.ui.edit.text.java.open.external.javadoc"
"Text Editing","Insert Line Below Current Line","Shift+Enter","Editing Text","org.eclipse.ui.edit.text.smartEnter"
"Search","References in Workspace","Ctrl+Shift+G","JavaScript View","org.eclipse.wst.jsdt.ui.edit.text.java.search.references.in.workspace"
"Edit","Cut","Ctrl+X","In Dialogs and Windows","org.eclipse.ui.edit.cut"
"Terminal view commands","Terminal view insert","Alt+D","Terminal Typing Connected","org.eclipse.tm.terminal.command1"
"Manifest Editor Source","Format Source","Ctrl+Shift+F","PDE editor","org.eclipse.pde.ui.edit.text.format"
"Terminal view commands","Terminal view insert","Alt+Y","Terminal Typing Connected","org.eclipse.tm.terminal.command1"
"Source","Remove Block Comment","Ctrl+Shift+\","Editing JavaScript Source","org.eclipse.wst.jsdt.ui.edit.text.java.remove.block.comment"
"Views","Show View (Breakpoints)","Alt+Shift+Q, B","In Windows","org.eclipse.ui.views.showView"
"Task Editor","Submit Task","Alt+Shift+S","In Tasks Editor","org.eclipse.mylyn.tasks.ui.command.submitTask"
"Window","Next View","Ctrl+F7","In Windows","org.eclipse.ui.window.nextView"
"Text Editing","Text End","Ctrl+End","Embedded Xtext Editor context","org.eclipse.ui.edit.text.goto.textEnd"
"Edit","Select Enclosing Element","Alt+Shift+Up","Editing in Structured Text Editors","org.eclipse.wst.sse.ui.structure.select.enclosing"
"Text Editing","Delete Line","Ctrl+D","Editing Xtext Grammar","org.eclipse.ui.edit.text.delete.line"
"Edit","Paste","Ctrl+V","In Dialogs and Windows","org.eclipse.ui.edit.paste"
"Source","Add Block Comment","Ctrl+Shift+/","Editing Java Source","org.eclipse.jdt.ui.edit.text.java.add.block.comment"
"Focused UI","Make Landmark","Ctrl+Alt+Shift+Up","In Windows","org.eclipse.mylyn.context.ui.commands.interest.increment"
"Window","Previous View","Ctrl+Shift+F7","In Windows","org.eclipse.ui.window.previousView"
"Edit","Redo","Ctrl+Y","In Dialogs and Windows","org.eclipse.ui.edit.redo"
"Refactoring","Extract Local Variable","Alt+Shift+L","Editing Xtext Source","org.eclipse.xtext.xbase.ui.refactoring.ExtractLocalVariable"
"Navigate","Previous Edit Location","Ctrl+Alt+Left","In Windows","org.eclipse.ui.edit.text.gotoLastEditPosition"
"Text Editing","Line End","End","Embedded Xtext Editor context","org.eclipse.ui.edit.text.goto.lineEnd"
"Source","Remove Occurrence Annotations","Alt+Shift+U","Editing Java Source","org.eclipse.jdt.ui.edit.text.remove.occurrence.annotations"
"Edit","Find Previous","Ctrl+Shift+K","Editing Text","org.eclipse.ui.edit.findPrevious"
"Navigate","Open Declaration","F3","Editing Xtext Source","org.eclipse.xtext.ui.editor.hyperlinking.OpenDeclaration"
"Navigate","Open from Clipboard","Ctrl+Shift+V","In Windows","org.eclipse.jdt.debug.ui.command.OpenFromClipboard"
"Run/Debug","Coverage Eclipse Application","Alt+Shift+E, E","In Windows","org.eclipse.eclemma.ui.workbenchShortcut.coverage"
"Edit","Toggle Insert Mode","Ctrl+Shift+Insert","Embedded Xtext Editor context","org.eclipse.ui.edit.text.toggleInsertMode"
"Navigate","Deactivate Task","Ctrl+Shift+F9","In Windows","org.eclipse.mylyn.tasks.ui.command.deactivateAllTasks"
"Run/Debug","Run Eclipse Application","Alt+Shift+X, E","In Windows","org.eclipse.pde.ui.runtimeWorkbenchShortcut.run"
"Views","Refresh View (Gradle Tasks)","F5","In Gradle Tasks View","org.eclipse.buildship.ui.commands.refreshtaskview"
"Source","Quick Assist - Assign to field","Ctrl+2, F","Editing Java Source","org.eclipse.jdt.ui.correction.assignToField.assist"
"Task Repositories","Mark Task Incomplete","Alt+Shift+I","In Tasks View","org.eclipse.mylyn.tasks.ui.command.markTaskIncomplete"
"File","Rename","F2","In Windows","org.eclipse.ui.edit.rename"
"Source","Quick Assist - Assign to local variable","Ctrl+2, L","Editing JavaScript Source","org.eclipse.wst.jsdt.ui.correction.assignToLocal.assist"
"Text Editing","Select Previous Word","Ctrl+Shift+Left","Editing Text","org.eclipse.ui.edit.text.select.wordPrevious"
"Task Repositories","Mark Task Incomplete","Alt+Shift+I","In Tasks Editor","org.eclipse.mylyn.tasks.ui.command.markTaskIncomplete"
"Navigate","Show In...","Alt+Shift+W","In Windows","org.eclipse.ui.navigate.showInQuickMenu"
"Text Editing","Copy Lines","Ctrl+Alt+Down","Embedded Xtext Editor context","org.eclipse.ui.edit.text.copyLineDown"
"Text Editing","Next Word","Ctrl+Right","Embedded Xtext Editor context","org.eclipse.ui.edit.text.goto.wordNext"
"Navigate","Activate Task","Ctrl+F9","In Windows","org.eclipse.mylyn.tasks.ui.command.activateTask"
"Text Editing","Delete Previous Word","Ctrl+Backspace","Embedded Xtext Editor context","org.eclipse.ui.edit.text.deletePreviousWord"
"Edit","Format Active Elements","Ctrl+I","Editing in Structured Text Editors","org.eclipse.wst.sse.ui.format.active.elements"
"Navigate","Quick Hierarchy","Ctrl+T","Editing Java Source","org.eclipse.jdt.ui.edit.text.java.open.hierarchy"
"Terminal view commands","Copy","Ctrl+Shift+C","Terminal Control in Focus","org.eclipse.tm.terminal.copy"
"StartExplorer","Start Shell Here","Ctrl+Alt+D","In Windows","de.bastiankrol.startexplorer.startShellFromResourceViewCommand"
"Source","Toggle Comment","Ctrl+7","Editing Java Source","org.eclipse.jdt.ui.edit.text.java.toggle.comment"
"Source","Open External Documentation","Shift+F2","Editing Ant Buildfiles","org.eclipse.ant.ui.openExternalDoc"
"Edit","Context Information","Ctrl+Shift+Space","In Dialogs and Windows","org.eclipse.ui.edit.text.contentAssist.contextInformation"
"Source","Rename In File","Alt+Shift+R","Editing Ant Buildfiles","org.eclipse.ant.ui.renameInFile"
"Edit","Toggle Block Selection","Alt+Shift+A","Editing Text","org.eclipse.ui.edit.text.toggleBlockSelectionMode"
"Run/Debug","Run Node Application","Ctrl+R","In Windows","org.nodeclipse.nodejs.run"
"Edit","Remove Block Comment","Ctrl+Shift+\","Editing in Structured Text Editors","org.eclipse.wst.sse.ui.remove.block.comment"
"Window","Show Ruler Context Menu","Ctrl+F10","Editing Text","org.eclipse.ui.edit.text.showRulerContextMenu"
"Text Editing","Line End","End","Editing Text","org.eclipse.ui.edit.text.goto.lineEnd"
"Navigate","Previous Page","Alt+Shift+F7","In Windows","org.eclipse.ui.part.previousPage"
"Run/Debug","Go to Address","Ctrl+G","In Table Memory Rendering","org.eclipse.debug.ui.command.gotoaddress"
"Navigate","Next Sub-Tab","Alt+PageDown","In Dialogs and Windows","org.eclipse.ui.navigate.nextSubTab"
"Text Editing","Delete Next Word","Ctrl+Delete","Embedded Xtext Editor context","org.eclipse.ui.edit.text.deleteNextWord"
"Text Editing","Select Previous Word","Ctrl+Shift+Left","Embedded Xtext Editor context","org.eclipse.ui.edit.text.select.wordPrevious"
"Navigate","Open Type in Hierarchy","Ctrl+Shift+H","JavaScript View","org.eclipse.wst.jsdt.ui.navigate.open.type.in.hierarchy"
"Run/Debug","Run Java Application","Alt+Shift+X, J","Editing Xtend Source","org.eclipse.xtend.ide.launching.localJavaShortcut.run"
"Views","Show View (Variables)","Alt+Shift+Q, V","In Windows","org.eclipse.ui.views.showView"
"Navigate","Go to Next Member","Ctrl+Shift+Down","Editing JavaScript Source","org.eclipse.wst.jsdt.ui.edit.text.java.goto.next.member"
"Editing","Restore Last Selection","Alt+Shift+Down","Editing Xtext Source","org.eclipse.xtext.ui.editor.select.last"
"File","Close All","Ctrl+Shift+F4","In Windows","org.eclipse.ui.file.closeAll"
"Focused UI","Focus on Active Task","Alt+Shift+H","In Windows","org.eclipse.mylyn.context.ui.commands.toggle.focus.active.view"
"Window","Next Editor","Ctrl+F6","In Windows","org.eclipse.ui.window.nextEditor"
"Window","Quick Switch Editor","Ctrl+E","In Windows","org.eclipse.ui.window.openEditorDropDown"
"Edit","Toggle Insert Mode","Ctrl+Shift+Insert","Editing Text","org.eclipse.ui.edit.text.toggleInsertMode"
"Navigate","Quick Outline","Ctrl+Shift+O","Task Markup Editor Source Context","org.eclipse.mylyn.wikitext.ui.quickOutlineCommand"
"Focused UI","Show Context Quick View","Ctrl+Alt+Shift+Right","In Windows","org.eclipse.mylyn.context.ui.commands.open.context.dialog"
"Source","Toggle Comment","Ctrl+Shift+C","Editing Properties Files","org.eclipse.jdt.ui.edit.text.java.toggle.comment"
"Views","Show View (History)","Alt+Shift+Q, Z","In Windows","org.eclipse.ui.views.showView"
"Refactor - Java","Change Method Signature","Alt+Shift+C","In Windows","org.eclipse.jdt.ui.edit.text.java.modify.method.parameters"
"Text Editing","To Upper Case","Ctrl+Shift+X","Embedded Xtext Editor context","org.eclipse.ui.edit.text.upperCase"
"Git","Collapse Working Tree","Ctrl+Left","In Git Repositories View","org.eclipse.egit.ui.RepositoriesViewCollapseWorkingTree"
"Edit","Add Block Comment","Ctrl+Shift+/","Editing in Structured Text Editors","org.eclipse.wst.sse.ui.add.block.comment"
"StartExplorer","Show in File Manager","Ctrl+Alt+E","In Windows","de.bastiankrol.startexplorer.startFileManagerFromResourceViewCommand"
"Task Repositories","Mark Task Complete","Alt+Shift+C","In Tasks Editor","org.eclipse.mylyn.tasks.ui.command.markTaskComplete"
"Emmet","Match Pair Inward","Ctrl+Shift+D","Editing Text","io.emmet.eclipse.commands.match_pair_inward"
"Navigate","Open Call Hierarchy","Ctrl+Alt+H","Editing Xtext Grammar","org.eclipse.xtext.ui.editor.OpenCallHierarchy"
"Terminal view commands","Terminal view insert","Alt+G","Terminal Typing Connected","org.eclipse.tm.terminal.command1"
"Refactor - JavaScript","Extract Function","Alt+Shift+M","JavaScript View","org.eclipse.wst.jsdt.ui.edit.text.java.extract.method"
"Edit","Toggle Comment","Ctrl+Shift+C","Editing in Structured Text Editors","org.eclipse.wst.sse.ui.toggle.comment"
"Navigate","Next Edit Location","Ctrl+Alt+Right","In Windows","org.eclipse.ui.edit.text.gotoNextEditPosition"
"Run/Debug","Debug","F11","In Windows","org.eclipse.debug.ui.commands.DebugLast"
"Navigate","Open Remote Task","Ctrl+Alt+Shift+F12","In Windows","org.eclipse.mylyn.tasks.ui.command.openRemoteTask"
"Editing","Format","Ctrl+Shift+F","Editing Xtext Source","org.eclipse.xtext.ui.FormatAction"
"Edit","Open Selection","F3","Editing in Structured Text Editors","org.eclipse.wst.sse.ui.open.file.from.source"
"Navigate","Quick Outline","Ctrl+O","Editing JavaScript Source","org.eclipse.wst.jsdt.ui.edit.text.java.show.outline"
"Run/Debug","Close Rendering","Ctrl+W","In Memory View","org.eclipse.debug.ui.commands.closeRendering"
"Window","Activate Editor","F12","In Windows","org.eclipse.ui.window.activateEditor"
"Text Editing","Show Tooltip Description","F2","Editing Text","org.eclipse.ui.edit.text.showInformation"
"Text Editing","Toggle Folding","Ctrl+Numpad_Divide","Editing Text","org.eclipse.ui.edit.text.folding.toggle"
"Editing","Select Enclosing Element","Alt+Shift+Up","Editing Xtext Source","org.eclipse.xtext.ui.editor.select.enclosing"
"Source","Toggle Comment","Ctrl+/","Editing Properties Files","org.eclipse.jdt.ui.edit.text.java.toggle.comment"
"Run/Debug","Run Java Applet","Alt+Shift+X, A","In Windows","org.eclipse.jdt.debug.ui.javaAppletShortcut.run"
"Window","Previous Perspective","Ctrl+Shift+F8","In Windows","org.eclipse.ui.window.previousPerspective"
"Source","Add Import","Ctrl+Shift+M","Editing Java Source","org.eclipse.jdt.ui.edit.text.java.add.import"
"Emmet","Merge Lines","Ctrl+M","Editing Text","io.emmet.eclipse.commands.merge_lines"
"Text Editing","Zoom Out","Ctrl+-","Editing Text","org.eclipse.ui.edit.text.zoomOut"
"Text Editing","Delete Next Word","Ctrl+Delete","Editing Text","org.eclipse.ui.edit.text.deleteNextWord"
"Navigate","Open Structure","Ctrl+F3","Editing Java Source","org.eclipse.jdt.ui.navigate.java.open.structure"
"Run/Debug","Coverage Java Application","Alt+Shift+E, J","In Windows","org.eclipse.eclemma.ui.localJavaShortcut.coverage"
"Run/Debug","Use Step Filters","Shift+F5","In Windows","org.eclipse.debug.ui.commands.ToggleStepFilters"
"Run/Debug","Run JUnit Plug-in Test","Alt+Shift+X, P","Editing Xtend Source","org.eclipse.xtend.ide.launching.junitPdeShortcut.run"
"Views","Show View (Outline)","Alt+Shift+Q, O","In Windows","org.eclipse.ui.views.showView"
"Run/Debug","Force Return","Alt+Shift+F","In Windows","org.eclipse.jdt.debug.ui.commands.ForceReturn"
"Run/Debug","Coverage TestNG Test","Alt+Shift+E, N","In Windows","org.eclipse.eclemma.ui.testNgShortcut.coverage"
"Navigate","Previous Edit Location","Ctrl+Q","In Windows","org.eclipse.ui.edit.text.gotoLastEditPosition"
"Uncategorized","Quick Outline","Ctrl+O","Editing Xtext Source","org.eclipse.xtext.ui.editor.outline.QuickOutline"
"Text Editing","Previous Word","Ctrl+Left","Editing Text","org.eclipse.ui.edit.text.goto.wordPrevious"
"Terminal Commands","Open Local Terminal on Selection","Ctrl+Alt+T","In Windows","org.eclipse.tm.terminal.connector.local.command.launch"
"Window","Next Perspective","Ctrl+F8","In Windows","org.eclipse.ui.window.nextPerspective"
"Editing","Go to Matching Bracket","Ctrl+Shift+P","Editing Xtext Source","org.eclipse.xtext.ui.GotToMatchingBracketAction"
"Text Editing","Move Lines Down","Alt+Down","Editing Text","org.eclipse.ui.edit.text.moveLineDown"
"Edit","Select Next Element","Alt+Shift+Right","Editing in Structured Text Editors","org.eclipse.wst.sse.ui.structure.select.next"
"Text Editing","Select Line End","Shift+End","Embedded Xtext Editor context","org.eclipse.ui.edit.text.select.lineEnd"
"Edit","Cut","Shift+Delete","In Dialogs and Windows","org.eclipse.ui.edit.cut"
"Text Editing","Move Lines Down","Alt+Down","Embedded Xtext Editor context","org.eclipse.ui.edit.text.moveLineDown"
"Navigate","Quick Outline","Ctrl+O","WikiText Markup Source Context","org.eclipse.mylyn.wikitext.ui.quickOutlineCommand"
"Window","Show Contributing Plug-in","Alt+Shift+F3","In Dialogs and Windows","org.eclipse.ui.window.spy"
"Terminal view commands","Terminal view insert","Alt+W","Terminal Typing Connected","org.eclipse.tm.terminal.command1"
"Edit","Incremental Find Reverse","Ctrl+Shift+J","Editing Text","org.eclipse.ui.edit.findIncrementalReverse"
"File","Properties","Alt+Enter","In Windows","org.eclipse.ui.file.properties"
"Run/Debug","Debug Java Applet","Alt+Shift+D, A","In Windows","org.eclipse.jdt.debug.ui.javaAppletShortcut.debug"
"Source","Quick Assist - Assign to var","Ctrl+2, F","Editing JavaScript Source","org.eclipse.wst.jsdt.ui.correction.assignToField.assist"
"Navigate","Open Declaration","F3","In Windows","org.eclipse.jdt.ui.edit.text.java.open.editor"
"Edit","Quick Diff Toggle","Ctrl+Shift+Q","Editing Text","org.eclipse.quickdiff.toggle"
"Refactor - JavaScript","Inline","Alt+Shift+I","JavaScript View","org.eclipse.wst.jsdt.ui.edit.text.java.inline"
"Terminal view commands","Quick Access","Alt+Right","Terminal Control in Focus","org.eclipse.tm.terminal.quickaccess"
"Edit","Select Previous Element","Alt+Shift+Left","Editing Java Source","org.eclipse.jdt.ui.edit.text.java.select.previous"
"Run/Debug","Inspect","Ctrl+Shift+I","In Dialogs and Windows","org.eclipse.jdt.debug.ui.commands.Inspect"
"Source","Organize Imports","Ctrl+Shift+O","Editing Xtext Source","org.eclipse.xtext.xbase.ui.organizeImports"
"Text Editing","Delete Line","Ctrl+D","Editing Java Source","org.eclipse.ui.edit.text.delete.line"
"Project","Build All","Ctrl+B","In Windows","org.eclipse.ui.project.buildAll"
"Text Editing","Collapse","Ctrl+Numpad_Subtract","Editing Text","org.eclipse.ui.edit.text.folding.collapse"
"Views","Show View (Search)","Alt+Shift+Q, S","In Windows","org.eclipse.ui.views.showView"
"Navigate","Previous Sub-Tab","Alt+PageUp","In Dialogs and Windows","org.eclipse.ui.navigate.previousSubTab"
"Focused UI","Make Less Interesting","Ctrl+Alt+Shift+Down","In Windows","org.eclipse.mylyn.context.ui.commands.interest.decrement"
"File","Close All","Ctrl+Shift+W","In Windows","org.eclipse.ui.file.closeAll"
"Navigate","Open Task","Ctrl+F12","In Windows","org.eclipse.mylyn.tasks.ui.command.openTask"
"Views","Show View (Cheat Sheets)","Alt+Shift+Q, H","In Windows","org.eclipse.ui.views.showView"
"Emmet","Update Image Size","Ctrl+Shift+U","Editing Text","io.emmet.eclipse.commands.update_image_size"
"File","Save All","Ctrl+Shift+S","In Windows","org.eclipse.ui.file.saveAll"
"Navigate","Quick Outline","Ctrl+O","PDE editor","org.eclipse.pde.ui.quickOutline"
"Text Editing","Select Next Word","Ctrl+Shift+Right","Editing Text","org.eclipse.ui.edit.text.select.wordNext"
"View","Zoom In","Ctrl+=","In Windows","org.eclipse.gef.zoom_in"
"File","Print","Ctrl+P","In Windows","org.eclipse.ui.file.print"
"Source","Format","Ctrl+Shift+F","Editing Java Source","org.eclipse.jdt.ui.edit.text.java.format"
"Window","Toggle Split Editor (Vertical)","Ctrl+{","In Windows","org.eclipse.ui.window.splitEditor"
"Terminal view commands","Maximize Active View or Editor","Alt+Up","Terminal Control in Focus","org.eclipse.tm.terminal.maximize"
"Views","Show View (Console)","Alt+Shift+Q, C","In Windows","org.eclipse.ui.views.showView"
"Git","Copy Path to Clipboard","Ctrl+C","In Git Repositories View","org.eclipse.egit.ui.RepositoriesViewCopyPath"
"Search","Show Occurrences in File Quick Menu","Ctrl+Shift+U","JavaScript View","org.eclipse.wst.jsdt.ui.edit.text.java.search.occurrences.in.file.quickMenu"
"Source","Surround With Quick Menu","Alt+Shift+Z","JavaScript View","org.eclipse.wst.jsdt.ui.edit.text.java.surround.with.quickMenu"
"Text Editing","Insert Line Above Current Line","Ctrl+Shift+Enter","Editing Text","org.eclipse.ui.edit.text.smartEnterInverse"
"Window","Toggle Split Editor (Horizontal)","Ctrl+_","In Windows","org.eclipse.ui.window.splitEditor"
"Edit","Select Next Element","Alt+Shift+Right","Editing JavaScript Source","org.eclipse.wst.jsdt.ui.edit.text.java.select.next"
"Uncategorized","Insert left guillemet","Ctrl+<","Editing Xtend Source","org.eclipse.xtend.ide.insertLeftGuillemet"
"Source","Indent Line","Ctrl+I","Editing JavaScript Source","org.eclipse.wst.jsdt.ui.edit.text.java.indent"
"Navigate","Search Repository for Task","Ctrl+Shift+F12","In Windows","org.eclipse.mylyn.tasks.ui.command.searchForTask"
"Text Editing","To Lower Case","Ctrl+Shift+Y","Embedded Xtext Editor context","org.eclipse.ui.edit.text.lowerCase"
"Terminal view commands","Terminal view insert","Alt+E","Terminal Typing Connected","org.eclipse.tm.terminal.command1"
"Source","Toggle Comment","Ctrl+7","Editing Properties Files","org.eclipse.jdt.ui.edit.text.java.toggle.comment"
"Navigate","Open Type Hierarchy","F4","JavaScript View","org.eclipse.wst.jsdt.ui.edit.text.java.open.type.hierarchy"
"Navigate","Go To Next Unread Task","Alt+Down","In Tasks View","org.eclipse.mylyn.tasks.ui.command.goToNextUnread"
"Edit","Word Completion","Alt+/","Editing Text","org.eclipse.ui.edit.text.hippieCompletion"
"Git","Commit...","Ctrl+#","In Windows","org.eclipse.egit.ui.team.Commit"
"Window","EditBox Select box","Alt+Z","In Windows","pm.eclipse.editbox.SelectBox"
"Run/Debug","Resume","F8","Debugging","org.eclipse.debug.ui.commands.Resume"
"Navigate","Go to Line","Ctrl+L","Editing Text","org.eclipse.ui.edit.text.goto.line"
"Run/Debug","Run Gradle Test","Ctrl+Alt+X, G","In Windows","org.eclipse.buildship.ui.shortcut.test.run"
"Emmet","Toggle Comment","Ctrl+Shift+/","Editing Text","io.emmet.eclipse.commands.toggle_comment"
"Edit","Restore Last Selection","Alt+Shift+Down","Editing Java Source","org.eclipse.jdt.ui.edit.text.java.select.last"
"Edit","Word Completion","Alt+/","Embedded Xtext Editor context","org.eclipse.ui.edit.text.hippieCompletion"
"Text Editing","Delete Line","Ctrl+D","Editing in Structured Text Editors","org.eclipse.ui.edit.text.delete.line"
"Refactor - JavaScript","Rename - Refactoring ","Alt+Shift+R","JavaScript View","org.eclipse.wst.jsdt.ui.edit.text.java.rename.element"
"Source","Toggle Mark Occurrences","Alt+Shift+O","Editing JavaScript Source","org.eclipse.wst.jsdt.ui.edit.text.java.toggleMarkOccurrences"
"Search","References in Workspace","Ctrl+Shift+G","In Windows","org.eclipse.jdt.ui.edit.text.java.search.references.in.workspace"
"Text Editing","Show Tooltip Description","F2","Embedded Xtext Editor context","org.eclipse.ui.edit.text.showInformation"
"Run/Debug","Run Maven Build","Alt+Shift+X, M","In Windows","org.eclipse.m2e.core.pomFileAction.run"
"File","Save","Ctrl+S","In Windows","org.eclipse.ui.file.save"
"Terminal view commands","Terminal view insert","Alt+H","Terminal Typing Connected","org.eclipse.tm.terminal.command1"
"Run/Debug","Debug JUnit Test","Alt+Shift+D, T","In Windows","org.eclipse.jdt.junit.junitShortcut.debug"
"Emmet","Wrap With Abbreviation...","Ctrl+Shift+A","Editing Text","io.emmet.eclipse.commands.wrap_with_abbreviation"
"Text Editing","Delete to End of Line","Ctrl+Shift+Delete","Embedded Xtext Editor context","org.eclipse.ui.edit.text.delete.line.to.end"
"Run/Debug","Run Ant Build","Alt+Shift+X, Q","In Windows","org.eclipse.ant.ui.antShortcut.run"
"Text Editing","Delete Line","Ctrl+D","Editing Properties Files","org.eclipse.ui.edit.text.delete.line"
"Edit","Find Previous","Ctrl+Shift+K","Embedded Xtext Editor context","org.eclipse.ui.edit.findPrevious"
"Source","Toggle Mark Occurrences","Alt+Shift+O","Editing Java Source","org.eclipse.jdt.ui.edit.text.java.toggleMarkOccurrences"
"Navigate","Open Manifest","Ctrl+Alt+Shift+M","In Windows","org.eclipse.pde.ui.openManifest"
"Navigate","Open Type","Ctrl+Shift+T","In Windows","org.eclipse.jdt.ui.navigate.open.type"
"Editing","Toggle Comment","Ctrl+Shift+C","Editing Xtext Source","org.eclipse.xtext.ui.ToggleCommentAction"
"Navigate","Next Page","Alt+F7","In Windows","org.eclipse.ui.part.nextPage"
"Edit","Select Previous Element","Alt+Shift+Left","Editing JavaScript Source","org.eclipse.wst.jsdt.ui.edit.text.java.select.previous"
"Edit","Select Enclosing Element","Alt+Shift+Up","Editing JavaScript Source","org.eclipse.wst.jsdt.ui.edit.text.java.select.enclosing"
"Source","Toggle Comment","Ctrl+/","Editing Java Source","org.eclipse.jdt.ui.edit.text.java.toggle.comment"
"Run/Debug","Run to Line","Ctrl+R","Debugging","org.eclipse.debug.ui.commands.RunToLine"
"Source","Organize Imports","Ctrl+Shift+O","In Windows","org.eclipse.jdt.ui.edit.text.java.organize.imports"
"Git","Quick Outline","Ctrl+O","In Diff Viewer","org.eclipse.egit.ui.commit.DiffEditorQuickOutlineCommand"
"Uncategorized","Extract Method","Alt+Shift+M","Editing Xtext Source","org.eclipse.xtend.ide.refactoring.ExtractMethod"
"Text Editing","Zoom In","Ctrl++","Editing Text","org.eclipse.ui.edit.text.zoomIn"
"Run/Debug","Next Page of Memory","Ctrl+Shift+.","In Table Memory Rendering","org.eclipse.debug.ui.command.nextpage"
"Terminal view commands","Terminal view insert","Alt+V","Terminal Typing Connected","org.eclipse.tm.terminal.command1"
"Text Editing","Move Lines Up","Alt+Up","Editing Text","org.eclipse.ui.edit.text.moveLineUp"
"Edit","Undo","Ctrl+Z","In Dialogs and Windows","org.eclipse.ui.edit.undo"
"Edit","Add Maven Plugin","Ctrl+Shift+P","Editing XML Source","org.eclipse.m2e.core.ui.command.addPlugin"
"Text Editing","Select Line Start","Shift+Home","Editing Text","org.eclipse.ui.edit.text.select.lineStart"
"Window","Find Actions","Ctrl+3","In Windows","org.eclipse.ui.window.quickAccess"
"Window","Update Project","Alt+F5","In Windows","org.eclipse.m2e.core.ui.command.updateProject"
"Navigate","Open Call Hierarchy","Ctrl+Alt+H","In Windows","org.eclipse.jdt.ui.edit.text.java.open.call.hierarchy"
"Navigate","Open Type","Ctrl+Shift+T","Editing JavaScript Source","org.eclipse.wst.jsdt.ui.navigate.open.type"
"Edit","Copy","Ctrl+C","In Dialogs and Windows","org.eclipse.ui.edit.copy"
"Run/Debug","Add Memory Block","Ctrl+Alt+M","In Memory View","org.eclipse.debug.ui.commands.addMemoryMonitor"
"Search","Show Occurrences in File Quick Menu","Ctrl+Shift+U","In Windows","org.eclipse.jdt.ui.edit.text.java.search.occurrences.in.file.quickMenu"
"Quick Search","Quick Search","Ctrl+Alt+Shift+L","In Windows","org.eclipse.text.quicksearch.commands.quicksearchCommand"
"Views","Show View (Task List)","Alt+Shift+Q, K","In Windows","org.eclipse.ui.views.showView"
"Navigate","Quick Hierarchy","Ctrl+T","Editing JavaScript Source","org.eclipse.wst.jsdt.ui.edit.text.java.open.hierarchy"
"Run/Debug","Debug Ant Build","Alt+Shift+D, Q","In Windows","org.eclipse.ant.ui.antShortcut.debug"
"Text Editing","Delete Previous Word","Ctrl+Backspace","Editing Text","org.eclipse.ui.edit.text.deletePreviousWord"
"Run/Debug","Debug Java Application","Alt+D, J","Editing Xtend Source","org.eclipse.xtend.ide.launching.localJavaShortcut.debug"
"Edit","Select Next Element","Alt+Shift+Right","Editing Java Source","org.eclipse.jdt.ui.edit.text.java.select.next"
"Uncategorized","Format paragraph","Alt+Q","In Windows","winterwell.markdown.formatParagraphCommand"
"Text Editing","Next Word","Ctrl+Right","Editing Text","org.eclipse.ui.edit.text.goto.wordNext"
"Edit","Paste","Shift+Insert","In Dialogs and Windows","org.eclipse.ui.edit.paste"
"Source","Add Javadoc Comment","Alt+Shift+J","In Windows","org.eclipse.jdt.ui.edit.text.java.add.javadoc.comment"
"Navigate","Go to Line","Ctrl+L","Embedded Xtext Editor context","org.eclipse.ui.edit.text.goto.line"
"Navigate","Open Call Hierarchy","Ctrl+Alt+H","Editing Xtext Source","org.eclipse.xtext.xbase.ui.hierarchy.OpenCallHierarchy"
"Source","Correct Indentation","Ctrl+I","Editing Java Source","org.eclipse.jdt.ui.edit.text.java.indent"
"File","New","Ctrl+N","In Windows","org.eclipse.ui.newWizard"
"Uncategorized","Insert right guillemet","Ctrl+>","Editing Xtend Source","org.eclipse.xtend.ide.insertRightGuillemet"
"Task Repositories","New Subtask","Shift+Insert","In Tasks View","org.eclipse.mylyn.tasks.ui.command.new.subtask"
"Views","Show View (Error Log)","Alt+Shift+Q, L","In Windows","org.eclipse.ui.views.showView"
"Text Editing","Line Start","Home","Editing Text","org.eclipse.ui.edit.text.goto.lineStart"
"Text Editing","Scroll Line Up","Ctrl+Up","Editing Text","org.eclipse.ui.edit.text.scroll.lineUp"
"Run/Debug","All Instances","Ctrl+Shift+N","In Windows","org.eclipse.jdt.debug.ui.commands.AllInstances"
"Views","Show View (Type Hierarchy)","Alt+Shift+Q, T","In Windows","org.eclipse.ui.views.showView"
"Uncategorized","Import Static","Ctrl+Shift+M","Editing Xtend Source","org.eclipse.xtend.ide.refactoring.importer.ImportStaticMethod"
"Terminal view commands","Terminal view insert","Alt+T","Terminal Typing Connected","org.eclipse.tm.terminal.command1"
"Source","Quick Assist - Rename in file","Ctrl+2, R","Editing JavaScript Source","org.eclipse.wst.jsdt.ui.correction.renameInFile.assist"
"Text Editing","Paste Java Code","Ctrl+Shift+V","Editing Xtend Source","org.eclipse.xtend.ide.pasteJavaCode"
"Run/Debug","Inspect","Ctrl+Shift+I","Chromium Debug","org.chromium.debug.ui.commands.Inspect"
"Source","Toggle Comment","Ctrl+Shift+C","Editing Java Source","org.eclipse.jdt.ui.edit.text.java.toggle.comment"
"Editing","Toggle Comment","Ctrl+7","Editing Xtext Source","org.eclipse.xtext.ui.ToggleCommentAction"
"Text Editing","Previous Word","Ctrl+Left","Embedded Xtext Editor context","org.eclipse.ui.edit.text.goto.wordPrevious"
"Emmet","Expand Abbreviation","Ctrl+E","Editing Text","io.emmet.eclipse.commands.expand_abbreviation"
"Text Editing","Zoom In","Ctrl+=","Editing Text","org.eclipse.ui.edit.text.zoomIn"
"Refactor - JavaScript","Show Refactor Quick Menu","Alt+Shift+T","JavaScript View","org.eclipse.wst.jsdt.ui.edit.text.java.refactor.quickMenu"
"Edit","Incremental Find","Ctrl+J","Embedded Xtext Editor context","org.eclipse.ui.edit.findIncremental"
"Window","Switch to Editor","Ctrl+Shift+E","In Windows","org.eclipse.ui.window.switchToEditor"
"Terminal view commands","Paste","Shift+Insert","Terminal Control in Focus","org.eclipse.tm.terminal.paste"
"Edit","Copy","Ctrl+Insert","In Dialogs and Windows","org.eclipse.ui.edit.copy"
"Text Editing","To Upper Case","Ctrl+Shift+X","Editing Text","org.eclipse.ui.edit.text.upperCase"
"Run/Debug","Coverage RAP JUnit Test","Alt+Shift+E, R","In Windows","org.eclipse.eclemma.ui.junitRAPShortcut.coverage"
"Navigate","Forward History","Alt+Right","In Windows","org.eclipse.ui.navigate.forwardHistory"
"Text Editing","Delete Line","Ctrl+D","Editing Text","org.eclipse.ui.edit.text.delete.line"
"Navigate","Show In Breadcrumb","Alt+Shift+B","Editor Breadcrumb Navigation","org.eclipse.jdt.ui.edit.text.java.gotoBreadcrumb"
"Window","Show Ruler Context Menu","Ctrl+F10","Embedded Xtext Editor context","org.eclipse.ui.edit.text.showRulerContextMenu"
"Source","Annotate Class File","Ctrl+1","Browsing attached Java Source","org.eclipse.jdt.ui.edit.text.java.annotate.classFile"
"Run/Debug","Java Breakpoint Properties","Alt+Enter","In Breakpoints View","org.eclipse.jdt.debug.ui.breakpoint.properties"
"Run/Debug","EOF","Ctrl+Z","In I/O Console","org.eclipse.debug.ui.commands.eof"
"Enhanced Class Decompiler","Decompile","Ctrl+Alt+.","In Windows","org.sf.feeling.decompiler.debugMode"
"Views","JavaScript Type Hierarchy","Alt+Shift+Q, T","JavaScript View","org.eclipse.wst.jsdt.ui.TypeHierarchy"
"Text Editing","To Lower Case","Ctrl+Shift+Y","Editing Text","org.eclipse.ui.edit.text.lowerCase"
"Navigate","Quick Outline","Ctrl+O","Editing Java Source","org.eclipse.jdt.ui.edit.text.java.show.outline"
"Emmet","Previous Edit Point","Ctrl+Alt+PageUp","Editing Text","io.emmet.eclipse.commands.prev_edit_point"
"Terminal view commands","Terminal view insert","Alt+L","Terminal Typing Connected","org.eclipse.tm.terminal.command1"
"Run/Debug","Toggle Breakpoint","Ctrl+Shift+B","In Windows","org.eclipse.debug.ui.commands.ToggleBreakpoint"
"Navigate","Matching Character","Ctrl+Shift+P","Editing in Structured Text Editors","org.eclipse.wst.sse.ui.goto.matching.bracket"
"Uncategorized","Show Markup Cheat Sheet","F1","WikiText Markup Source Context","org.eclipse.mylyn.wikitext.ui.editor.showCheatSheetCommand"
"Edit","Toggle Word Wrap","Alt+Shift+Y","Editing Text","org.eclipse.ui.edit.text.toggleWordWrap"
"Run/Debug","Debug Java Application","Alt+Shift+D, J","In Windows","org.eclipse.jdt.debug.ui.localJavaShortcut.debug"
"Uncategorized","Add Artifact to Target Platform","Ctrl+Alt+Shift+A","In Windows","org.eclipse.pde.ui.searchTargetRepositories"
"Navigate","Go to Previous Member","Ctrl+Shift+Up","Editing JavaScript Source","org.eclipse.wst.jsdt.ui.edit.text.java.goto.previous.member"
"Refactor - Java","Inline","Alt+Shift+I","In Windows","org.eclipse.jdt.ui.edit.text.java.inline"
"File","Close","Ctrl+F4","In Windows","org.eclipse.ui.file.close"
"Task Repositories","New Local Task","Insert","In Tasks View","org.eclipse.mylyn.tasks.ui.command.new.local.task"
"Text Editing","Join Lines","Ctrl+Alt+J","Editing Text","org.eclipse.ui.edit.text.join.lines"
"Window","Open Model Element","Ctrl+Shift+F3","In Windows","org.eclipse.xtext.ui.shared.OpenXtextElementCommand"
"Task Repositories","Mark Task Unread","Alt+Shift+U","In Tasks Editor","org.eclipse.mylyn.tasks.ui.command.markTaskUnread"
"Uncategorized","Insert left guillemet","<","Editing Xtend Source","org.eclipse.xtend.ide.insertLeftGuillemet"
"Edit","Restore Last Selection","Alt+Shift+Down","Editing in Structured Text Editors","org.eclipse.wst.sse.ui.structure.select.last"
"Text Editing","Text Start","Ctrl+Home","Embedded Xtext Editor context","org.eclipse.ui.edit.text.goto.textStart"
"Window","Show Key Assist","Ctrl+Shift+L","In Dialogs and Windows","org.eclipse.ui.window.showKeyAssist"
"Edit","Format","Ctrl+Shift+F","Editing in Structured Text Editors","org.eclipse.wst.sse.ui.format.document"
"Views","Show View","Alt+Shift+Q, Q","In Windows","org.eclipse.ui.views.showView"
"Views","Show View (Package Explorer)","Alt+Shift+Q, P","In Windows","org.eclipse.ui.views.showView"
"StartExplorer","Open Files With Default Application","Ctrl+Alt+A","In Windows","de.bastiankrol.startexplorer.startSystemApplicationFromResourceViewCommand"
"Run/Debug","Coverage SWTBot Test","Alt+Shift+E, S","In Windows","org.eclipse.eclemma.ui.swtBotJunitShortcut.coverage"
"Emmet","Remove Tag","Ctrl+Shift+I","Editing Text","io.emmet.eclipse.commands.remove_tag"
"Navigate","Quick Hierarchy","Ctrl+T","Editing Xtext Source","org.eclipse.jdt.ui.edit.text.java.open.hierarchy"
"Emmet","Next Edit Point","Ctrl+Alt+PageDown","Editing Text","io.emmet.eclipse.commands.next_edit_point"
"Views","Show View (Javadoc)","Alt+Shift+Q, J","In Windows","org.eclipse.ui.views.showView"
"Run/Debug","Step Into","F5","Debugging","org.eclipse.debug.ui.commands.StepInto"
"Navigate","Next","Ctrl+.","In Windows","org.eclipse.ui.navigate.next"
"Run/Debug","Debug JUnit Test","Alt+Shift+D, T","Editing Xtend Source","org.eclipse.xtend.ide.launching.junitShortcut.debug"
"Run/Debug","Run JUnit Plug-in Test","Alt+Shift+X, P","In Windows","org.eclipse.pde.ui.junitWorkbenchShortcut.run"
"Text Editing","Toggle Overwrite","Insert","Editing Text","org.eclipse.ui.edit.text.toggleOverwrite"
"Git","Rename Branch...","F2","In Git Repositories View","org.eclipse.egit.ui.team.RenameBranch"
"Run/Debug","Step Over","F6","Debugging","org.eclipse.debug.ui.commands.StepOver"
"Text Editing","Move Lines Up","Alt+Up","Embedded Xtext Editor context","org.eclipse.ui.edit.text.moveLineUp"
"Source","Format","Ctrl+Shift+F","Editing Ant Buildfiles","org.eclipse.jdt.ui.edit.text.java.format"
"Terminal view commands","Terminal view insert","Alt+F","Terminal Typing Connected","org.eclipse.tm.terminal.command1"
"Emmet","Match Pair Outward","Ctrl+Alt+D","Editing Text","io.emmet.eclipse.commands.match_pair_outward"
"Views","Show View","Alt+Shift+Q, D","In Windows","org.eclipse.ui.views.showView"
"Run/Debug","Run OSGi Framework","Alt+Shift+X, O","In Windows","org.eclipse.pde.ui.EquinoxLaunchShortcut.run"
"Text Editing","Collapse All","Ctrl+Shift+Numpad_Divide","Editing Text","org.eclipse.ui.edit.text.folding.collapse_all"
"Run/Debug","Debug Eclipse Application","Alt+Shift+D, E","In Windows","org.eclipse.pde.ui.runtimeWorkbenchShortcut.debug"
"Edit","Incremental Find Reverse","Ctrl+Shift+J","Embedded Xtext Editor context","org.eclipse.ui.edit.findIncrementalReverse"
"Text Editing","Text End","Ctrl+End","Editing Text","org.eclipse.ui.edit.text.goto.textEnd"
"Run/Debug","Skip All Breakpoints","Ctrl+Alt+B","In Windows","org.eclipse.debug.ui.commands.SkipAllBreakpoints"
"Navigate","Find References","Ctrl+Shift+G","Editing Xtext Source","org.eclipse.xtext.ui.editor.FindReferences"
"Text Editing","Text Start","Ctrl+Home","Editing Text","org.eclipse.ui.edit.text.goto.textStart"
"Editing","Select Previous Element","Alt+Shift+Left","Editing Xtext Source","org.eclipse.xtext.ui.editor.select.previous"
"Source","Show Source Quick Menu","Alt+Shift+S","In Windows","org.eclipse.jdt.ui.edit.text.java.source.quickMenu"
"Refactor - JavaScript","Extract Local Variable","Alt+Shift+L","JavaScript View","org.eclipse.wst.jsdt.ui.edit.text.java.extract.local.variable"
"Task Repositories","Mark Task Complete","Alt+Shift+C","In Tasks View","org.eclipse.mylyn.tasks.ui.command.markTaskComplete"
"Task Repositories","Quick Outline","Ctrl+O","In Tasks Editor","org.eclipse.mylyn.task.ui.editor.QuickOutline"
"Run/Debug","Debug JUnit Plug-in Test","Alt+Shift+D, P","Editing Xtend Source","org.eclipse.xtend.ide.launching.junitPdeShortcut.debug"
"File","Refresh","F5","In Windows","org.eclipse.ui.file.refresh"
"Run/Debug","Debug OSGi Framework","Alt+Shift+D, O","In Windows","org.eclipse.pde.ui.EquinoxLaunchShortcut.debug"
"Refactoring","Rename Element","Alt+Shift+R","Editing Xtext Source","org.eclipse.xtext.ui.refactoring.RenameElement"
